 <Credentials>
	<Credential consumer="CTIL">
		<userName>srv_ctilsupport</userName>
		<password>testing</password>
	</Credential>
	<!--<Credential consumer="testsupport">
		        <userName>srv_ctilsupport</userName>
		         <password>testing</password>
	   </Credential>-->
	<Credential consumer="testsupport">
		<userName>telefonicauser</userName>
		<password>Tef1nte6face</password>
	</Credential>
	<Credential consumer="ericsson_tgt">
		<userName>srv_ericssonsupport</userName>
		<password>3R1cs$5On%5uP</password>
	</Credential>
</Credentials>