<?xml version="1.0" encoding="UTF-8"?>
<con:soapui-project id="86319612-4dbf-47fb-9280-a56e4e2b3c0c" activeEnvironment="Default" name="PCRCS" resourceRoot="" soapui-version="5.2.1" abortOnError="false" runType="SEQUENTIAL" xmlns:con="http://eviware.com/soapui/config"><con:settings><con:setting id="ProjectSettings@shadowPassword"/></con:settings><con:interface xsi:type="con:RestService" id="af1b36e5-aa0b-43ee-bbb6-19b3f6bac314" wadlVersion="http://wadl.dev.java.net/2009/02" name="https://devo2uk.wmcglobal.com" type="rest" xmlns:xsi="http://www.w3.org/2001/XMLSchema-instance"><con:settings/><con:definitionCache/><con:endpoints><con:endpoint>https://devo2uk.wmcglobal.com</con:endpoint></con:endpoints><con:resource name="PP-123456789" path="/o2dtb/EAINotificationService/order/ps-000023430" id="41e1522d-651e-414e-83e2-b4b6fb315cf7"><con:settings/><con:parameters><con:parameter><con:name>orderStatus</con:name><con:value/><con:style>QUERY</con:style><con:default/><con:description xsi:nil="true"/></con:parameter><con:parameter><con:name>genevaCustomerNumber</con:name><con:value/><con:style>QUERY</con:style><con:default/><con:description xsi:nil="true"/></con:parameter><con:parameter><con:name>genevaL2MAccountNumber</con:name><con:value/><con:style>QUERY</con:style><con:default/><con:description xsi:nil="true"/></con:parameter><con:parameter><con:name>genevaPTMAccountNumber</con:name><con:value/><con:style>QUERY</con:style><con:default/><con:description xsi:nil="true"/></con:parameter></con:parameters><con:method name="PP-123456789" id="3315af4a-1e7d-4927-acba-ad7af666ec72" method="POST"><con:settings/><con:parameters/><con:representation type="FAULT"><con:mediaType>text/html;charset=utf-8</con:mediaType><con:status>405</con:status><con:params/><con:element>html</con:element></con:representation><con:representation type="FAULT"><con:mediaType>application/json;charset=UTF-8</con:mediaType><con:status>400 404</con:status><con:params/><con:element xmlns:pp="https://devo2uk.wmcglobal.com/o2dtb/EAINotificationService/order/PP-123456789">pp:Fault</con:element></con:representation><con:representation type="REQUEST"><con:mediaType>application/json</con:mediaType><con:params/></con:representation><con:representation type="FAULT"><con:mediaType>application/json</con:mediaType><con:status>401 500 404</con:status><con:params/><con:element xmlns:pp="https://devo2uk.wmcglobal.com/o2dtb/EAINotificationService/order/PP-123456789">pp:Fault</con:element></con:representation><con:representation type="RESPONSE"><con:mediaType xsi:nil="true"/><con:status>0</con:status><con:params/><con:element>data</con:element></con:representation><con:representation type="RESPONSE"><con:mediaType xsi:nil="true"/><con:status>0</con:status><con:params/><con:element>data</con:element></con:representation><con:representation type="RESPONSE"><con:mediaType xsi:nil="true"/><con:status>0</con:status><con:params/><con:element>data</con:element></con:representation><con:representation type="RESPONSE"><con:mediaType xsi:nil="true"/><con:status>0</con:status><con:params/><con:element>data</con:element></con:representation><con:representation type="REQUEST"><con:mediaType>application/xml</con:mediaType><con:params/></con:representation><con:representation type="RESPONSE"><con:mediaType xsi:nil="true"/><con:status>0</con:status><con:params/><con:element>data</con:element></con:representation><con:representation type="RESPONSE"><con:mediaType>application/json</con:mediaType><con:status>200</con:status><con:params/><con:element xmlns:pp="https://devo2uk.wmcglobal.com/o2dtb/EAINotificationService/order/PP-123456789">pp:Response</con:element></con:representation><con:representation type="RESPONSE"><con:mediaType xsi:nil="true"/><con:status>0</con:status><con:params/><con:element>data</con:element></con:representation><con:representation type="RESPONSE"><con:mediaType xsi:nil="true"/><con:status>0</con:status><con:params/><con:element>data</con:element></con:representation><con:representation type="RESPONSE"><con:mediaType xsi:nil="true"/><con:status>0</con:status><con:params/><con:element>data</con:element></con:representation><con:representation type="RESPONSE"><con:mediaType xsi:nil="true"/><con:status>0</con:status><con:params/><con:element>data</con:element></con:representation><con:representation type="RESPONSE"><con:mediaType xsi:nil="true"/><con:status>0</con:status><con:params/><con:element>data</con:element></con:representation><con:representation type="RESPONSE"><con:mediaType xsi:nil="true"/><con:status>0</con:status><con:params/><con:element>data</con:element></con:representation><con:representation type="RESPONSE"><con:mediaType xsi:nil="true"/><con:status>0</con:status><con:params/><con:element>data</con:element></con:representation><con:representation type="RESPONSE"><con:mediaType xsi:nil="true"/><con:status>0</con:status><con:params/><con:element>data</con:element></con:representation><con:representation type="RESPONSE"><con:mediaType xsi:nil="true"/><con:status>0</con:status><con:params/><con:element>data</con:element></con:representation><con:representation type="FAULT"><con:mediaType>text/html</con:mediaType><con:status>405</con:status><con:params/><con:element>html</con:element></con:representation><con:representation type="RESPONSE"><con:mediaType xsi:nil="true"/><con:status>0</con:status><con:params/><con:element>data</con:element></con:representation><con:representation type="RESPONSE"><con:mediaType>application/octet-stream</con:mediaType><con:status>200</con:status><con:params/><con:element>data</con:element></con:representation><con:request name="Request 1" id="ba8e6cb1-4436-49df-92e8-da501b713672" mediaType="application/json" postQueryString="false" sslKeystore="o2_testsupport_cert20190501.p12"><con:settings><con:setting id="com.eviware.soapui.impl.wsdl.WsdlRequest@request-headers">&lt;entry key="" value="" xmlns="http://eviware.com/soapui/config"/></con:setting><con:setting id="com.eviware.soapui.impl.wsdl.WsdlRequest@strip-whitespaces">false</con:setting><con:setting id="com.eviware.soapui.impl.wsdl.WsdlRequest@remove_empty_content">false</con:setting><con:setting id="com.eviware.soapui.impl.support.AbstractHttpRequest@follow-redirects">true</con:setting></con:settings><con:endpoint>https://localhost:38243</con:endpoint><con:request/><con:originalUri>https://devo2uk.wmcglobal.com/o2dtb/EAINotificationService/order/PP-123456789</con:originalUri><con:credentials><con:username>testsupport_4321</con:username><con:password>t3st1ng</con:password><con:selectedAuthProfile>Basic</con:selectedAuthProfile><con:addedBasicAuthenticationTypes>Basic</con:addedBasicAuthenticationTypes><con:preemptive>true</con:preemptive><con:authType>Preemptive</con:authType></con:credentials><con:jmsConfig JMSDeliveryMode="PERSISTENT"/><con:jmsPropertyConfig/><con:parameters>
  <con:entry key="genevaL2MAccountNumber" value="2000146183"/>
  <con:entry key="genevaCustomerNumber" value="2000146183"/>
  <con:entry key="genevaPTMAccountNumber" value="null"/>
  <con:entry key="orderStatus" value="PROVISIONED"/>
</con:parameters><con:parameterOrder><con:entry>orderStatus</con:entry><con:entry>genevaCustomerNumber</con:entry><con:entry>genevaL2MAccountNumber</con:entry><con:entry>genevaPTMAccountNumber</con:entry></con:parameterOrder></con:request></con:method></con:resource></con:interface><con:properties/><con:wssContainer><con:crypto><con:source>C:/Users/419892/Desktop/CR WORK/o2_testsupport_cert20190501.p12</con:source><con:password>t3st1ng</con:password><con:type>KEYSTORE</con:type></con:crypto></con:wssContainer><con:oAuth2ProfileContainer/><con:sensitiveInformation/></con:soapui-project>