<Credentials>
    <Credential consumer="TGT">
        <userName>telefonicauser</userName>
        <password>Tef1nte6face</password>
    </Credential>
    <Credential consumer="CTIL">
        <userName>srv_ctilsupport</userName>
        <password>testing</password>
    </Credential>
   <!-- <Credential consumer="testsupport">
        <userName>telefonicauser</userName>
        <password>Tef1nte6face</password>
    </Credential> -->
    <!-- <Credential consumer="testsupport">
        <userName>srv_ctilsupport</userName>
        <password>testing</password> 
    </Credential> -->
    
  <Credential consumer="ericsson_tgt">
        <userName>srv_ericssonsupport</userName>
        <password>srv_ericssonsupport</password>
    </Credential>
   <Credential consumer="testsupport">
        <userName>srv_ericssonsupport</userName>
        <password>srv_ericssonsupport</password>
    </Credential>
    
</Credentials>