<datapower-configuration version="3"><export-details><description>Exported Configuration</description><user>nikhilg</user><domain>RSTAPIStaging</domain><comment/><product-id>242642X</product-id><product>XI50</product><display-product>XI52</display-product><model>DataPower XI50</model><display-model>DataPower XI52</display-model><device-name>moorgate</device-name><serial-number>7830313</serial-number><firmware-version>XI50.7.2.0.13</firmware-version><display-firmware-version>XI52.7.2.0.13</display-firmware-version><firmware-build>286215</firmware-build><firmware-timestamp>2017/04/06 09:18:39</firmware-timestamp><current-date>2017-08-07</current-date><current-time>16:20:29 BST</current-time><reset-date>2017-08-02</reset-date><reset-time>06:12:33 BST</reset-time><login-message/><custom-ui-file/><intrusion-detection>enable</intrusion-detection></export-details><interface-data><interface name="mgt0" type="Ethernet" vers="ipv4" ip-addr="82.132.153.242"/><interface name="eth10" type="Ethernet" vers="ipv4" ip-addr="82.132.147.200"/><interface name="eth11" type="Ethernet" vers="ipv4" ip-addr="82.132.147.202"/><interface name="eth12" type="Ethernet" vers="ipv4" ip-addr="10.147.15.210"/></interface-data><configuration domain="RSTAPIStaging"><CryptoCertificate name="ag_prodcat_backend_cert" xmlns:env="http://www.w3.org/2003/05/soap-envelope" xmlns:dp="http://www.datapower.com/schemas/management">
<mAdminState>enabled</mAdminState>
<Filename>cert:///prodcat.o2.co.uk.cer</Filename>
<PasswordAlias>off</PasswordAlias>
<IgnoreExpiration>off</IgnoreExpiration></CryptoCertificate></configuration><files><file name="cert:///prodcat.o2.co.uk.cer" src="cert/prodcat.o2.co.uk.cer" location="cert" key="true"/><file name="webgui:///clixform.xsl" src="dp-aux/clixform.xsl" location="dp-aux" internal="true" hash="Wdoc4L+zcrwlsvuuhDiYI4lyyIU="/><file name="webgui:///SchemaUtil.xsl" src="dp-aux/SchemaUtil.xsl" location="dp-aux" internal="true" hash="6Z2yckvZgNJawVdGjTxnSyaR/K4="/><file name="webgui:///management.xsl" src="dp-aux/management.xsl" location="dp-aux" internal="true" hash="EOeJnfXfGxgKVTgNTGthBkYOdf4="/><file name="webgui:///map-dmz.xsl" src="dp-aux/map-dmz.xsl" location="dp-aux" internal="true" hash="n00B2bmGoH6OdSOW1QRz/SNVbYc="/><file name="webgui:///drMgmt.xml" src="dp-aux/drMgmt.xml" location="dp-aux" internal="true" hash="hFEpg+ywauCCSZFR36xDmYKHxYo="/><file name="webgui:///basetypes.xml" src="dp-aux/basetypes.xml" location="dp-aux" internal="true" hash="UkIc6sKzykqNpmVlsHF89TLn2Qo="/></files></datapower-configuration>