<aaa:AAAInfo xmlns:dpfunc="http://www.datapower.com/extensions/functions" xmlns:aaa="http://www.datapower.com/AAAInfo">
	<aaa:FormatVersion>1</aaa:FormatVersion>
	<aaa:Filename>local:///applications/AAAInfo.xml</aaa:Filename>
	<aaa:Summary>new consumer onbaording for o2_online_puk and provisioned for /siteverify</aaa:Summary>
	<!-- Determine credential from output of the extract-identity phase. -->
	<aaa:Authenticate>
		<aaa:IPNetwork>0.0.0.0/0</aaa:IPNetwork>
		<aaa:Username>testsupport_4321</aaa:Username>
		<aaa:Password>t3st1ng</aaa:Password>
		<aaa:DN>/O=o2/CN=testsupport</aaa:DN>
		<aaa:OutputCredential>admin</aaa:OutputCredential>
	</aaa:Authenticate>
	<aaa:Authenticate>
		<aaa:IPNetwork>0.0.0.0/0</aaa:IPNetwork>
		<aaa:Username>torex_4328</aaa:Username>
		<aaa:Password>zewu5Uchedrafet</aaa:Password>
		<aaa:DN>/O=o2/CN=torex</aaa:DN>
		<aaa:OutputCredential>o2_torex</aaa:OutputCredential>
	</aaa:Authenticate>
	<aaa:Authenticate>
		<aaa:IPNetwork>0.0.0.0/0</aaa:IPNetwork>
		<aaa:Username>torexfranchise_4338</aaa:Username>
		<aaa:Password>bAPhaP3nanuPRex</aaa:Password>
		<aaa:DN>/O=o2/CN=torexfranchise</aaa:DN>
		<aaa:OutputCredential>o2_torexfranchise</aaa:OutputCredential>
	</aaa:Authenticate>
	<aaa:Authenticate>
		<aaa:IPNetwork>0.0.0.0/0</aaa:IPNetwork>
		<aaa:Username>semc_1112</aaa:Username>
		<aaa:Password>hUU6J95ZF0X509O</aaa:Password>
		<aaa:DN>/O=o2/CN=SEMC</aaa:DN>
		<aaa:OutputCredential>o2_semc</aaa:OutputCredential>
	</aaa:Authenticate>
	<aaa:Authenticate>
		<aaa:IPNetwork>0.0.0.0/0</aaa:IPNetwork>
		<aaa:Username>cvos_1525</aaa:Username>
		<aaa:Password>5CkIsk8hrGM4Jqb</aaa:Password>
		<aaa:DN>/O=o2/CN=cvos_1525</aaa:DN>
		<aaa:OutputCredential>o2_cvos</aaa:OutputCredential>
	</aaa:Authenticate>
	<aaa:Authenticate>
		<aaa:IPNetwork>0.0.0.0/0</aaa:IPNetwork>
		<aaa:Username>strategicfair_4347</aaa:Username>
		<aaa:Password>muSwetun7nehuve</aaa:Password>
		<aaa:DN>/O=o2/CN=strategicfair</aaa:DN>
		<aaa:OutputCredential>o2_strategicfair</aaa:OutputCredential>
	</aaa:Authenticate>
	<aaa:Authenticate>
		<aaa:IPNetwork>0.0.0.0/0</aaa:IPNetwork>
		<aaa:Username>salesforce_juc_4363</aaa:Username>
		<aaa:Password>w3eqaXaswu7haHe</aaa:Password>
		<aaa:DN>/CN=salesforce_juc/OU=00D200000005Euo/O=Salesforce.com/L=San Francisco/ST=CA/C=USA</aaa:DN>
		<aaa:OutputCredential>o2_salesforce_juc</aaa:OutputCredential>
	</aaa:Authenticate>
	<aaa:Authenticate>
		<aaa:IPNetwork>0.0.0.0/0</aaa:IPNetwork>
		<aaa:Username>salesforce_juc_9374</aaa:Username>
		<aaa:Password>aIe2NUbs9GKqgqp</aaa:Password>
		<aaa:DN>/CN=salesforce_juc2/OU=00D110000007wz8/O=Salesforce.com/L=San Francisco/ST=CA/C=USA</aaa:DN>
		<aaa:OutputCredential>o2_salesforce_juc4</aaa:OutputCredential>
	</aaa:Authenticate>
	<aaa:Authenticate>
		<aaa:IPNetwork>0.0.0.0/0</aaa:IPNetwork>
		<aaa:Username>topaztest_3480</aaa:Username>
		<aaa:Password>nagechEja5apeb3</aaa:Password>
		<aaa:DN>/O=o2/CN=topaztest</aaa:DN>
		<aaa:OutputCredential>o2_topaztest</aaa:OutputCredential>
	</aaa:Authenticate>
	<aaa:Authenticate>
		<aaa:IPNetwork>0.0.0.0/0</aaa:IPNetwork>
		<aaa:Username>pancredit_1753</aaa:Username>
		<aaa:Password>Qn59P6UaDQK4DPr</aaa:Password>
		<aaa:DN>/O=o2/CN=pancredit</aaa:DN>
		<aaa:OutputCredential>o2_pancredit</aaa:OutputCredential>
	</aaa:Authenticate>
	<aaa:Authenticate>
		<aaa:IPNetwork>0.0.0.0/0</aaa:IPNetwork>
		<aaa:Username>oatc_ccs_9370</aaa:Username>
		<aaa:Password>SPAcru68EthunUv</aaa:Password>
		<aaa:DN>/O=o2/CN=oatc_ccs</aaa:DN>
		<aaa:OutputCredential>o2_oatc_ccs</aaa:OutputCredential>
	</aaa:Authenticate>
	<aaa:Authenticate>
		<aaa:IPNetwork>0.0.0.0/0</aaa:IPNetwork>
		<aaa:Username>opp_2013</aaa:Username>
		<aaa:Password>phubrusTaS2sU4w</aaa:Password>
		<aaa:DN>/O=o2/CN=opp</aaa:DN>
		<aaa:OutputCredential>o2_opp</aaa:OutputCredential>
	</aaa:Authenticate>
	<aaa:Authenticate>
		<aaa:IPNetwork>0.0.0.0/0</aaa:IPNetwork>
		<aaa:Username>srm_2405</aaa:Username>
		<aaa:Password>PVfG3jHRqlrZt7a</aaa:Password>
		<aaa:DN>/O=o2/CN=euhrhf0024vgbas.serv.dc.uk.telefonica</aaa:DN>
		<aaa:OutputCredential>o2_srm</aaa:OutputCredential>
	</aaa:Authenticate>
	<aaa:Authenticate>
		<aaa:IPNetwork>0.0.0.0/0</aaa:IPNetwork>
		<aaa:Username>srm_2406</aaa:Username>
		<aaa:Password>PXHeDgfkq8JdMAl</aaa:Password>
		<aaa:DN>/O=o2/CN=euhrhf0025vgbas.serv.dc.uk.telefonica</aaa:DN>
		<aaa:OutputCredential>o2_srm</aaa:OutputCredential>
	</aaa:Authenticate>
	<aaa:Authenticate>
		<aaa:IPNetwork>0.0.0.0/0</aaa:IPNetwork>
		<aaa:Username>myo2_app_4567</aaa:Username>
		<aaa:Password>JYkth64daFGR28W</aaa:Password>
		<aaa:DN>/O=o2/CN=smart_summer</aaa:DN>
		<aaa:OutputCredential>o2_myo2_app</aaa:OutputCredential>
	</aaa:Authenticate>
	<aaa:Authenticate>
		<aaa:IPNetwork>0.0.0.0/0</aaa:IPNetwork>
		<aaa:Username>o2phoneconsumerservice_1712</aaa:Username>
		<aaa:Password>KL6hdVWetwRsiNl</aaa:Password>
		<aaa:DN>/O=o2/CN=smart_summer</aaa:DN>
		<aaa:OutputCredential>o2_o2phoneconsumerservice</aaa:OutputCredential>
	</aaa:Authenticate>
	<aaa:Authenticate>
		<aaa:IPNetwork>0.0.0.0/0</aaa:IPNetwork>
		<aaa:Username>o2phoneconsumerservice_1712</aaa:Username>
		<aaa:Password>KL6hdVWetwRsiNl</aaa:Password>
		<aaa:DN>/O=o2/CN=o2phoneconsumerservice</aaa:DN>
		<aaa:OutputCredential>o2_o2phoneconsumerservice</aaa:OutputCredential>
	</aaa:Authenticate>
	<aaa:Authenticate>
		<aaa:IPNetwork>0.0.0.0/0</aaa:IPNetwork>
		<aaa:Username>online_puk_2457</aaa:Username>
		<aaa:Password>kHn6kJdPEApTMtP</aaa:Password>
		<aaa:DN>/O=o2/CN=online_puk</aaa:DN>
		<aaa:OutputCredential>o2_online_puk</aaa:OutputCredential>
	</aaa:Authenticate>
	<!-- Specify credential (if any) to use when there is no authenticated identity. -->
	<!-- Map credentials to different credentials. -->
	<!-- Determine resource from output of the extract-resource phase. -->
	<!-- Authorize access to resource for credentials. -->
	<aaa:Authorize>
		<aaa:InputCredential>admin</aaa:InputCredential>
		<aaa:InputResource>.*</aaa:InputResource>
		<aaa:Access>allow</aaa:Access>
	</aaa:Authorize>
	<aaa:Authorize>
		<aaa:InputCredential>o2_torex</aaa:InputCredential>
		<aaa:InputResource>/cvos-rest/adjustStock|/cvos-rest/upload/STOCK_ADJUST|/stores|/skus|/order|/reservation</aaa:InputResource>
		<aaa:Access>allow</aaa:Access>
	</aaa:Authorize>
	<aaa:Authorize>
		<aaa:InputCredential>o2_torexfranchise</aaa:InputCredential>
		<aaa:InputResource>/cvos-rest/adjustStock|/cvos-rest/upload/STOCK_ADJUST|/stores|/skus|/order|/reservation</aaa:InputResource>
		<aaa:Access>allow</aaa:Access>
	</aaa:Authorize>
	<aaa:Authorize>
		<aaa:InputCredential>o2_semc</aaa:InputCredential>
		<aaa:InputResource>/cvos-rest/health|/cvos-rest/metrics</aaa:InputResource>
		<aaa:Access>allow</aaa:Access>
	</aaa:Authorize>
	<aaa:Authorize>
		<aaa:InputCredential>o2_cvos</aaa:InputCredential>
		<aaa:InputResource>/storesbroker</aaa:InputResource>
		<aaa:Access>allow</aaa:Access>
	</aaa:Authorize>
	<aaa:Authorize>
		<aaa:InputCredential>o2_strategicfair</aaa:InputCredential>
		<aaa:InputResource>/storesbroker|/UATWebAPI|/RedeemWebAPI</aaa:InputResource>
		<aaa:Access>allow</aaa:Access>
	</aaa:Authorize>
	<aaa:Authorize>
		<aaa:InputCredential>o2_salesforce_juc</aaa:InputCredential>
		<aaa:InputResource>/DISCLOSURE|/tukPanCreditApi|/businessPAYM</aaa:InputResource>
		<aaa:Access>allow</aaa:Access>
	</aaa:Authorize>
	<aaa:Authorize>
		<aaa:InputCredential>o2_salesforce_juc4</aaa:InputCredential>
		<aaa:InputResource>/DISCLOSURE</aaa:InputResource>
		<aaa:Access>allow</aaa:Access>
	</aaa:Authorize>
	<aaa:Authorize>
		<aaa:InputCredential>o2_topaztest</aaa:InputCredential>
		<aaa:InputResource>/tukPanCreditApi|/businessPAYM</aaa:InputResource>
		<aaa:Access>allow</aaa:Access>
	</aaa:Authorize>
	<aaa:Authorize>
		<aaa:InputCredential>o2_pancredit</aaa:InputCredential>
		<aaa:InputResource>/businessPAYM</aaa:InputResource>
		<aaa:Access>allow</aaa:Access>
	</aaa:Authorize>
	<aaa:Authorize>
		<aaa:InputCredential>o2_oatc_ccs</aaa:InputCredential>
		<aaa:InputResource>/skus|/order|/reservation|/siteverify|/RESTGateway|/UATWebAPI|/RedeemWebAPI</aaa:InputResource>
		<aaa:Access>allow</aaa:Access>
	</aaa:Authorize>
	<aaa:Authorize>
		<aaa:InputCredential>o2_opp</aaa:InputCredential>
		<aaa:InputResource>/siteverify|/RESTGateway</aaa:InputResource>
		<aaa:Access>allow</aaa:Access>
	</aaa:Authorize>
	<aaa:Authorize>
		<aaa:InputCredential>o2_srm</aaa:InputCredential>
		<aaa:InputResource>/bulk-enroll-devices|/check-transaction-status|/show-order-details</aaa:InputResource>
		<aaa:Access>allow</aaa:Access>
	</aaa:Authorize>
	<aaa:Authorize>
		<aaa:InputCredential>o2_myo2_app</aaa:InputCredential>
		<aaa:InputResource>/customerprofile</aaa:InputResource>
		<aaa:Access>allow</aaa:Access>
	</aaa:Authorize>
	<aaa:Authorize>
		<aaa:InputCredential>o2_o2phoneconsumerservice</aaa:InputCredential>
		<aaa:InputResource>/valuation</aaa:InputResource>
		<aaa:Access>allow</aaa:Access>
	</aaa:Authorize>
		<aaa:Authorize>
		<aaa:InputCredential>o2_online_puk</aaa:InputCredential>
		<aaa:InputResource>/siteverify</aaa:InputResource>
		<aaa:Access>allow</aaa:Access>
	</aaa:Authorize>
</aaa:AAAInfo>